{
  "distance_matrix": [
    [0.0, 41.0, 408.0, 1249.0, 678.0],
    [41.0, 0.0, 382.0, 1216.0, 638.0],
    [408.0, 382.0, 0.0, 856.0, 617.0],
    [1249.0, 1216.0, 856.0, 0.0, 978.9999999999999],
    [678.0, 638.0, 617.0, 978.9999999999999, 0.0]
  ],
  "num_vehicles": 2,
  "vehicle_weight": [20, 20],
  "vehicle_dimension": [56, 56],
  "weight": [0, 0.8, 0.5, 0.5, 1.2],
  "dimension": [0, 16, 1.02, 1.02, 0.5],
  "depot": 0,
  "max_travel": 500
}
